{"enode_1":{"0":12,"1":10,"2":34,"3":33,"4":34,"5":33,"6":10,"7":12,"8":31,"9":28},"enode_2":{"0":10,"1":34,"2":33,"3":34,"4":33,"5":10,"6":12,"7":31,"8":28,"9":19},"enode_3":{"0":34,"1":33,"2":34,"3":33,"4":10,"5":12,"6":31,"7":28,"8":19,"9":28},"enode_4":{"0":33,"1":34,"2":33,"3":10,"4":12,"5":31,"6":28,"7":19,"8":28,"9":31},"time_1":{"0":10,"1":23,"2":37,"3":53,"4":54,"5":54,"6":71,"7":82,"8":4,"9":25},"time_2":{"0":23,"1":37,"2":53,"3":54,"4":54,"5":71,"6":82,"7":4,"8":25,"9":33},"time_3":{"0":37,"1":53,"2":54,"3":54,"4":71,"5":82,"6":4,"7":25,"8":33,"9":46},"time_4":{"0":53,"1":54,"2":54,"3":71,"4":82,"5":4,"6":25,"7":33,"8":46,"9":50},"target_time":{"0":54,"1":54,"2":71,"3":82,"4":4,"5":25,"6":33,"7":46,"8":50,"9":70},"sig_st":{"0":0.1819835206,"1":0.1802979004,"2":0.1805962356,"3":0.1951229913,"4":0.1899069423,"5":0.1599504849,"6":0.2018738604,"7":0.2390525377,"8":0.1958257233,"9":0.181143285},"imsi":{"0":164415588,"1":164415588,"2":164415588,"3":164415588,"4":164415588,"5":164415588,"6":164415588,"7":164415588,"8":164415588,"9":164415588},"home_enb":{"0":12,"1":12,"2":12,"3":12,"4":12,"5":12,"6":12,"7":12,"8":12,"9":12},"early_morn":{"0":5,"1":5,"2":5,"3":5,"4":5,"5":5,"6":5,"7":5,"8":5,"9":5},"morning":{"0":10,"1":10,"2":10,"3":10,"4":10,"5":10,"6":10,"7":10,"8":10,"9":10},"noon":{"0":6,"1":6,"2":6,"3":6,"4":6,"5":6,"6":6,"7":6,"8":6,"9":6},"evening":{"0":4,"1":4,"2":4,"3":4,"4":4,"5":4,"6":4,"7":4,"8":4,"9":4},"night":{"0":4,"1":4,"2":4,"3":4,"4":4,"5":4,"6":4,"7":4,"8":4,"9":4},"neigh_1":{"0":10,"1":35,"2":10,"3":12,"4":8,"5":3,"6":19,"7":28,"8":19,"9":3},"neigh_2":{"0":34,"1":33,"2":34,"3":33,"4":10,"5":28,"6":31,"7":39,"8":31,"9":28},"neigh_3":{"0":15,"1":10,"2":15,"3":34,"4":9,"5":18,"6":30,"7":31,"8":30,"9":18},"neigh_4":{"0":16,"1":38,"2":16,"3":11,"4":4,"5":30,"6":3,"7":22,"8":3,"9":30},"target_enb":{"0":34,"1":33,"2":10,"3":12,"4":31,"5":28,"6":19,"7":28,"8":31,"9":9},"target_slot":{"0":15,"1":5,"2":100,"3":100,"4":100,"5":100,"6":100,"7":100,"8":60,"9":100}}